{"cameraMode":{"drawMode":0,"name":"Shaded","section":"Shading Mode"},"sceneLighting":true,"audioPlay":false,"sceneViewState":{"m_AlwaysRefresh":false,"showFog":true,"showSkybox":true,"showFlares":true,"showImageEffects":true,"showParticleSystems":true,"showVisualEffectGraphs":true,"m_FxEnabled":true},"in2DMode":false,"pivot":{"x":15.244488716125489,"y":-73.7852554321289,"z":-159.5895538330078},"rotation":{"x":-0.007663907017558813,"y":-0.9733555316925049,"z":0.22738833725452424,"w":-0.030884109437465669},"size":121.23188018798828,"orthographic":false}