{"cameraMode":{"drawMode":0,"name":"Shaded","section":"Shading Mode"},"sceneLighting":true,"audioPlay":false,"sceneViewState":{"m_AlwaysRefresh":false,"showFog":true,"showSkybox":true,"showFlares":true,"showImageEffects":true,"showParticleSystems":true,"showVisualEffectGraphs":true,"m_FxEnabled":true},"in2DMode":false,"pivot":{"x":8.661323547363282,"y":-0.14559458196163178,"z":-7.273838520050049},"rotation":{"x":-0.042233895510435107,"y":0.8454583287239075,"z":-0.06761926412582398,"w":-0.5280582904815674},"size":13.52611255645752,"orthographic":false}