{"cameraMode":{"drawMode":0,"name":"Shaded","section":"Shading Mode"},"sceneLighting":true,"audioPlay":false,"sceneViewState":{"m_AlwaysRefresh":false,"showFog":true,"showSkybox":true,"showFlares":true,"showImageEffects":true,"showParticleSystems":true,"showVisualEffectGraphs":true,"m_FxEnabled":true},"in2DMode":false,"pivot":{"x":0.4889547824859619,"y":11.860958099365235,"z":2.8343751430511476},"rotation":{"x":0.10317637771368027,"y":-0.23751823604106904,"z":0.025667807087302209,"w":0.9656575322151184},"size":22.56464958190918,"orthographic":false}